method,ate,se,ci_lower,ci_upper
Naive,0.4076914420394859,0.005210795468041691,0.39747828292212417,0.4179046011568476
G-computation,0.39080869657899703,0.005322661370604388,0.38037628029261245,0.4012411128653816
IPW (trimmed),0.394202249172563,0.005259062880353983,0.3838944859270692,0.40451001241805684
AIPW (manual),0.39292403792258535,0.0054175098040965385,0.3823057187065561,0.4035423571386146
