n_nonmissing,mean,sd,min,p25,median,p75,p90,p95,max
22329,0.14757535044113035,0.10194729985150165,0,0.06,0.13,0.21,0.3,0.35,0.5
