estimand,method,estimate,se,ci_lower,ci_upper,n
ATE,IPW (trimmed),0.394202249172563,0.005341978261986059,0.38373197177907037,0.4046725265660557,30890
