estimand,method,estimate,se,ci_lower,ci_upper
ATE,IPW,0.39366363793148723,0.005372990003350996,0.3831325775249193,0.40419469833805516
ATE,Subclassification,0.3941026989294402,0.005242812210312283,0.38382678699722816,0.4043786108616523
ATT,IPW,0.38804575165127897,0.0055499998397568456,0.37716775196535557,0.39892375133720237
ATT,NN Matching,0.3955974842767296,0.005428995684370242,0.3849566527353639,0.4062383158180953
ATC,IPW,0.39851764002658124,0.005596868526659551,0.3875477777143285,0.40948750233883396
